RunTimestampUTC,ScanDate,Symbol,Score,Signal,WeeklyConfirm,SignalClose,ReferenceEntryPrice,ATR14,RecentLow5,StopPrice,Target1,Target2,PlannedShares,PlannedLots,PlannedRiskAmount,PlannedPositionValue,Status,ProductionMinScore,ProductionWeeklyConfirm,ProductionATRMult,ProductionTarget2Pct,ProductionMaxHoldingDays
2026-10-08T01:49:08.202157+00:00,2026-10-07,DITTO.BK,2,False,False,12.300000190734863,12.300000190734863,0.3384521863861203,12.100000381469728,11.89385756707152,13.161000204086305,14.145000219345093,4900,49,1990.098855950386,60270.00093460083,OK,4,False,1.2,0.15,20
2026-10-08T01:49:08.202157+00:00,2026-10-07,FORTH.BK,2,False,False,14.5,14.5,0.7237857947766827,12.899999618530272,12.899999618530272,15.515,16.674999999999997,1200,12,1920.000457763672,17400.0,OK,4,False,1.2,0.15,20
2026-10-08T01:49:08.202157+00:00,2026-10-07,ICHI.BK,1,False,False,13.399999618530272,13.399999618530272,0.2410713904637507,13.100000381469728,13.100000381469728,14.337999591827394,15.409999561309814,6600,66,1979.9949645996087,88439.9974822998,OK,4,False,1.2,0.15,20
2026-10-08T01:49:08.202157+00:00,2026-10-07,MASTER.BK,0,False,False,8.100000381469727,8.100000381469727,0.1489290602767453,8.100000381469727,7.921285509137632,8.667000408172608,9.315000438690184,11100,111,1983.7350828862525,89910.00423431396,OK,4,False,1.2,0.15,20
2026-10-08T01:49:08.202157+00:00,2026-10-07,SAPPE.BK,1,False,False,30.5,30.5,0.701040185753213,30.25,29.658751777096143,32.635000000000005,35.075,2300,23,1934.870912678872,70150.0,OK,4,False,1.2,0.15,20
2026-10-08T01:49:08.202157+00:00,2026-10-07,SPA.BK,2,False,False,2.9600000381469727,2.9600000381469727,0.063368962826272,2.9200000762939453,2.8839572827554463,3.167200040817261,3.404000043869018,26300,263,1999.924466797144,77848.00100326538,OK,4,False,1.2,0.15,20
2026-10-08T01:49:08.202157+00:00,2026-10-07,TKN.BK,1,False,True,4.800000190734863,4.800000190734863,0.1206744241866239,4.679999828338623,4.655190881710914,5.136000204086304,5.520000219345093,13800,138,1998.368464530497,66240.00263214111,OK,4,False,1.2,0.15,20
2026-10-08T01:49:08.202157+00:00,2026-10-07,XO.BK,3,False,False,19.200000762939453,19.200000762939453,0.5691354284018642,17.600000381469727,17.600000381469727,20.544000816345218,22.08000087738037,1200,12,1920.000457763672,23040.000915527344,OK,4,False,1.2,0.15,20
2026-10-08T06:23:12.446551+00:00,2026-10-08,AAI.BK,2,False,True,4.260000228881836,4.260000228881836,0.07170451808384619,4.119999885559082,4.119999885559082,4.558200244903564,4.899000263214111,14200,142,1988.0048751831055,60492.00325012207,OK,4,False,1.2,0.15,20
2026-10-08T06:17:59.944599+00:00,2026-10-08,AMATA.BK,1,False,False,32.25,32.25,1.173546045490583,30.0,30.0,34.5075,37.0875,800,8,1800.0,25800.0,OK,4,False,1.2,0.15,20
2026-10-08T06:23:12.446551+00:00,2026-10-08,AOT.BK,1,False,False,58.5,58.5,1.2147453716117786,58.0,57.04230555406586,62.595000000000006,67.27499999999999,1300,13,1895.002779714379,76050.0,OK,4,False,1.2,0.15,20
2026-10-08T06:17:59.944599+00:00,2026-10-08,AP.BK,3,False,False,7.949999809265137,7.949999809265137,0.141919097849273,7.75,7.75,8.506499795913697,9.142499780654909,10000,100,1999.9980926513672,79499.99809265137,OK,4,False,1.2,0.15,20
2026-10-08T06:17:59.944599+00:00,2026-10-08,AWC.BK,0,False,False,3.119999885559082,3.119999885559082,0.1002478277682321,2.9800000190734863,2.9800000190734863,3.338399877548218,3.587999868392944,14200,142,1987.998104095459,44303.998374938965,OK,4,False,1.2,0.15,20
2026-10-08T06:23:12.446551+00:00,2026-10-08,BA.BK,1,False,False,19.100000381469727,19.100000381469727,0.4798406832878926,18.700000762939453,18.524191561524255,20.437000408172608,21.965000438690183,3400,34,1957.7499878146043,64940.00129699707,OK,4,False,1.2,0.15,20
2026-10-08T06:17:59.944599+00:00,2026-10-08,BAM.BK,1,False,False,6.400000095367432,6.400000095367432,0.1334443826992727,6.349999904632568,6.2398668361283045,6.8480001020431525,7.360000109672546,12400,124,1985.6524145651763,79360.00118255615,OK,4,False,1.2,0.15,20
2026-10-08T06:23:12.446551+00:00,2026-10-08,BANPU.BK,3,False,True,15.0,15.0,0.37528043204268857,12.0,12.0,16.05,17.25,600,6,1800.0,9000.0,OK,4,False,1.2,0.15,20
2026-10-08T06:17:59.944599+00:00,2026-10-08,BAY.BK,1,False,False,39.0,39.0,1.144731824087874,35.5,35.5,41.73,44.85,500,5,1750.0,19500.0,OK,4,False,1.2,0.15,20
2026-10-08T06:23:12.446551+00:00,2026-10-08,BBGI.BK,1,False,True,6.550000190734863,6.550000190734863,0.2173485220778033,6.400000095367432,6.289181964241499,7.008500204086304,7.532500219345092,7600,76,1982.2185213495668,49780.00144958496,OK,4,False,1.2,0.15,20
2026-10-08T06:23:12.446551+00:00,2026-10-08,BCH.BK,5,True,False,11.800000190734863,11.800000190734863,0.3080491924891336,11.0,11.0,12.626000204086305,13.570000219345092,2400,24,1920.0004577636719,28320.000457763672,OK,4,False,1.2,0.15,20
2026-10-08T06:23:12.446551+00:00,2026-10-08,BCP.BK,2,False,False,53.0,53.0,2.062389236178344,50.75,50.52513291658599,56.71,60.949999999999996,800,8,1979.8936667312091,42400.0,OK,4,False,1.2,0.15,20
2026-10-08T06:23:12.446551+00:00,2026-10-08,BCPG.BK,2,False,False,6.449999809265137,6.449999809265137,0.14714576333923163,6.349999904632568,6.273424893258059,6.901499795913697,7.417499780654906,11300,113,1995.2965508799787,72884.99784469604,OK,4,False,1.2,0.15,20
2026-10-08T06:23:12.446551+00:00,2026-10-08,BDMS.BK,1,False,False,19.0,19.0,0.3752564539890174,18.700000762939453,18.54969225521318,20.330000000000002,21.849999999999998,4400,44,1981.3540770620052,83600.0,OK,4,False,1.2,0.15,20
2026-10-08T06:23:12.446551+00:00,2026-10-08,BEM.BK,2,False,False,6.400000095367432,6.400000095367432,0.18748829144262275,6.300000190734863,6.175014145636284,6.8480001020431525,7.360000109672546,8800,88,1979.876357634096,56320.0008392334,OK,4,False,1.2,0.15,20
2026-10-08T06:23:12.446551+00:00,2026-10-08,BGRIM.BK,3,False,False,18.899999618530273,18.899999618530273,0.6513942295945048,18.299999237060547,18.118326543016867,20.222999591827392,21.734999561309813,2500,25,1954.1826887835168,47249.99904632568,OK,4,False,1.2,0.15,20
2026-10-08T06:23:12.446551+00:00,2026-10-08,BJC.BK,2,False,True,18.600000381469727,18.600000381469727,0.5157173485190248,17.399999618530273,17.399999618530273,19.902000408172608,21.390000438690183,1600,16,1920.001220703125,29760.000610351562,OK,4,False,1.2,0.15,20
2026-10-08T06:17:59.944599+00:00,2026-10-08,BLA.BK,0,False,False,22.299999237060547,22.299999237060547,0.4864800226548563,22.200000762939453,21.71622320987472,23.860999183654787,25.644999122619627,3400,34,1984.8384924318125,75819.99740600586,OK,4,False,1.2,0.15,20
2026-10-08T06:23:12.446551+00:00,2026-10-08,BTG.BK,1,False,False,19.899999618530273,19.899999618530273,0.29639198719894005,19.899999618530273,19.544329233891546,21.292999591827392,22.88499956130981,5000,50,1778.3519231936395,99499.99809265137,CAPITAL_LIMITED,4,False,1.2,0.15,20
2026-10-08T06:23:12.446551+00:00,2026-10-08,BTS.BK,2,False,False,1.940000057220459,1.940000057220459,0.028689242692923413,1.9299999475479126,1.9055729659889509,2.075800061225891,2.231000065803528,51500,515,1772.9951984226677,99910.00294685364,CAPITAL_LIMITED,4,False,1.2,0.15,20
2026-10-08T06:23:12.446551+00:00,2026-10-08,CBG.BK,3,False,False,54.25,54.25,1.6443423437591858,50.75,50.75,58.04750000000001,62.387499999999996,500,5,1750.0,27125.0,OK,4,False,1.2,0.15,20
2026-10-08T06:17:59.944599+00:00,2026-10-08,CENTEL.BK,2,False,False,44.0,44.0,1.2089000358843,42.0,42.0,47.080000000000005,50.6,1000,10,2000.0,44000.0,OK,4,False,1.2,0.15,20
2026-10-08T06:23:12.446551+00:00,2026-10-08,CHG.BK,5,True,False,1.6299999952316284,1.6299999952316284,0.04089720530665512,1.5099999904632568,1.5099999904632568,1.7440999948978424,1.8744999945163725,16600,166,1992.0000791549683,27057.99992084503,OK,4,False,1.2,0.15,20
2026-10-08T06:23:12.446551+00:00,2026-10-08,CK.BK,1,False,False,17.899999618530273,17.899999618530273,0.4291919300828911,17.799999237060547,17.384969302430804,19.152999591827395,20.584999561309814,3800,38,1957.1152011779845,68019.99855041504,OK,4,False,1.2,0.15,20
2026-10-08T06:23:12.446551+00:00,2026-10-08,COM7.BK,2,False,False,32.0,32.0,0.9078695692235591,29.75,29.75,34.24,36.8,800,8,1800.0,25600.0,OK,4,False,1.2,0.15,20
2026-10-08T06:23:12.446551+00:00,2026-10-08,CPALL.BK,2,False,False,43.0,43.0,0.7787721257894467,41.5,41.5,46.010000000000005,49.449999999999996,1300,13,1950.0,55900.0,OK,4,False,1.2,0.15,20
2026-10-08T06:23:12.446551+00:00,2026-10-08,CPAXT.BK,0,False,False,14.100000381469727,14.100000381469727,0.17725694168011724,14.0,13.887292051453587,15.087000408172608,16.215000438690183,7000,70,1488.958310112979,98700.00267028809,CAPITAL_LIMITED,4,False,1.2,0.15,20
2026-10-08T06:23:12.446551+00:00,2026-10-08,CPF.BK,2,False,False,21.100000381469727,21.100000381469727,0.4389561527545144,20.799999237060547,20.57325299816431,22.57700040817261,24.265000438690183,3700,37,1948.9653182300397,78070.00141143799,OK,4,False,1.2,0.15,20
2026-10-08T06:17:59.944599+00:00,2026-10-08,CPN.BK,2,False,False,62.5,62.5,1.0718822265444026,61.25,61.21374132814672,66.875,71.875,1500,15,1929.388007779924,93750.0,OK,4,False,1.2,0.15,20
2026-10-08T06:23:12.446551+00:00,2026-10-08,CRC.BK,3,False,True,31.5,31.5,0.9659301028685894,29.0,29.0,33.705000000000005,36.224999999999994,800,8,2000.0,25200.0,OK,4,False,1.2,0.15,20
2026-10-08T06:17:59.944599+00:00,2026-10-08,CREDIT.BK,1,False,False,21.0,21.0,0.4230228215362468,20.799999237060547,20.492372614156505,22.47,24.15,3900,39,1979.7468047896316,81900.0,OK,4,False,1.2,0.15,20
2026-10-08T06:23:12.446551+00:00,2026-10-08,DITTO.BK,3,False,False,12.5,12.5,0.33570561526817344,12.100000381469727,12.097153261678192,13.375,14.374999999999998,4900,49,1973.9490177768569,61250.0,OK,4,False,1.2,0.15,20
2026-10-08T06:23:12.446551+00:00,2026-10-08,DOHOME.BK,0,False,False,3.5399999618530273,3.5399999618530273,0.0950238583000864,3.4800000190734863,3.4259713318929235,3.7877999591827396,4.070999956130981,17500,175,1995.5010243018178,61949.99933242798,OK,4,False,1.2,0.15,20
2026-10-08T06:23:12.446551+00:00,2026-10-08,EA.BK,3,False,False,2.759999990463257,2.759999990463257,0.058126656381423225,2.680000066757202,2.680000066757202,2.953199989795685,3.1739999890327453,25000,250,1999.9980926513672,68999.99976158142,OK,4,False,1.2,0.15,20
2026-10-08T06:23:12.446551+00:00,2026-10-08,EPG.BK,2,False,False,6.449999809265137,6.449999809265137,0.2059108068545093,6.0,6.0,6.901499795913697,7.417499780654906,4400,44,1979.9991607666016,28379.9991607666,OK,4,False,1.2,0.15,20
2026-10-08T06:17:59.944599+00:00,2026-10-08,ERW.BK,2,False,False,3.5999999046325684,3.5999999046325684,0.099006217805465,3.4600000381469727,3.4600000381469727,3.851999897956848,4.139999890327453,14200,142,1987.998104095459,51119.99864578247,OK,4,False,1.2,0.15,20
2026-10-08T06:23:12.446551+00:00,2026-10-08,FORTH.BK,2,False,False,14.300000190734863,14.300000190734863,0.7149439795404716,12.899999618530273,12.899999618530273,15.301000204086305,16.44500021934509,1400,14,1960.0008010864258,20020.00026702881,OK,4,False,1.2,0.15,20
2026-10-08T06:23:12.446551+00:00,2026-10-08,GFPT.BK,2,False,True,11.399999618530273,11.399999618530273,0.2787031374926696,10.800000190734863,10.800000190734863,12.197999591827394,13.109999561309813,3300,33,1979.9981117248535,37619.9987411499,OK,4,False,1.2,0.15,20
2026-10-08T06:23:12.446551+00:00,2026-10-08,GLOBAL.BK,3,False,False,6.550000190734863,6.550000190734863,0.19052090834959345,6.349999904632568,6.321375100715351,7.008500204086304,7.532500219345092,8700,87,1989.0382831697536,56985.00165939331,OK,4,False,1.2,0.15,20
2026-10-08T06:23:12.446551+00:00,2026-10-08,GPSC.BK,3,False,False,49.0,49.0,1.317129866041007,47.5,47.41944416075079,52.43,56.349999999999994,1200,12,1896.667007099049,58800.0,OK,4,False,1.2,0.15,20
2026-10-08T06:23:12.446551+00:00,2026-10-08,GST.BK,2,False,False,9.600000381469727,9.600000381469727,0.22388997667973842,9.300000190734863,9.300000190734863,10.272000408172609,11.040000438690186,6600,66,1980.0012588500977,63360.002517700195,OK,4,False,1.2,0.15,20
2026-10-08T06:23:12.446551+00:00,2026-10-08,GULF.BK,2,False,False,59.75,59.75,0.9860347409481979,58.75,58.56675831086216,63.932500000000005,68.71249999999999,1600,16,1893.1867026205396,95600.0,OK,4,False,1.2,0.15,20
2026-10-08T06:23:12.446551+00:00,2026-10-08,GUNKUL.BK,0,False,False,5.0,5.0,0.17665486430053678,4.920000076293945,4.788014162839356,5.3500000000000005,5.75,9400,94,1992.6668693100557,47000.0,OK,4,False,1.2,0.15,20
2026-10-08T06:23:12.446551+00:00,2026-10-08,HANA.BK,2,False,True,52.5,52.5,1.9778082263882735,51.75,50.12663012833407,56.175000000000004,60.37499999999999,800,8,1898.6958973327432,42000.0,OK,4,False,1.2,0.15,20
2026-10-08T06:23:12.446551+00:00,2026-10-08,HMPRO.BK,1,False,True,6.5,6.5,0.15081694673396057,6.300000190734863,6.300000190734863,6.955,7.475,10000,100,1999.9980926513672,65000.0,OK,4,False,1.2,0.15,20
2026-10-08T06:23:12.446551+00:00,2026-10-08,ICHI.BK,1,False,False,13.300000190734863,13.300000190734863,0.23099482170172644,13.100000381469727,13.022806404692792,14.231000204086305,15.295000219345091,7200,72,1995.7952595029112,95760.00137329102,OK,4,False,1.2,0.15,20
2026-10-08T06:23:12.446551+00:00,2026-10-08,IRPC.BK,3,False,True,3.0199999809265137,3.0199999809265137,0.12544188899262626,2.8399999141693115,2.8399999141693115,3.23139997959137,3.4729999780654905,11100,111,1998.0007410049438,33521.9997882843,OK,4,False,1.2,0.15,20
2026-10-08T06:23:12.446551+00:00,2026-10-08,ITC.BK,2,False,False,16.600000381469727,16.600000381469727,0.3527946615531029,16.299999237060547,16.176646787606003,17.762000408172607,19.090000438690183,4700,47,1989.7618911594989,78020.00179290771,OK,4,False,1.2,0.15,20
2026-10-08T06:23:12.446551+00:00,2026-10-08,IVL.BK,2,False,True,28.0,28.0,0.9532909077263465,26.5,26.5,29.96,32.199999999999996,1300,13,1950.0,36400.0,OK,4,False,1.2,0.15,20
2026-10-08T06:23:12.446551+00:00,2026-10-08,JMART.BK,2,False,False,9.699999809265137,9.699999809265137,0.2491536259747369,9.5,9.401015458095452,10.378999795913696,11.154999780654906,6600,66,1973.2967177199168,64019.9987411499,OK,4,False,1.2,0.15,20
2026-10-08T06:17:59.944599+00:00,2026-10-08,JMT.BK,2,False,False,10.100000381469728,10.100000381469728,0.2454061544424299,9.949999809265137,9.80551299613881,10.807000408172607,11.615000438690185,6700,67,1973.065481717136,67670.00255584717,OK,4,False,1.2,0.15,20
2026-10-08T06:23:12.446551+00:00,2026-10-08,JTS.BK,1,False,False,22.5,22.5,1.3898866376695915,22.299999237060547,20.83213603479649,24.075000000000003,25.874999999999996,1100,11,1834.6503617238595,24750.0,OK,4,False,1.2,0.15,20
2026-10-08T06:23:12.446551+00:00,2026-10-08,KCE.BK,2,False,True,79.0,79.0,2.933520443203889,74.0,74.0,84.53,90.85,400,4,2000.0,31600.0,OK,4,False,1.2,0.15,20
2026-10-08T06:17:59.944599+00:00,2026-10-08,KTB.BK,2,False,False,41.75,41.75,0.8603204805716109,41.25,40.71761542331407,44.6725,48.0125,1900,19,1961.5306957032765,79325.0,OK,4,False,1.2,0.15,20
2026-10-08T06:17:59.944599+00:00,2026-10-08,KTC.BK,2,False,False,35.5,35.5,0.870507274621694,33.25,33.25,37.985,40.825,800,8,1800.0,28400.0,OK,4,False,1.2,0.15,20
2026-10-08T06:17:59.944599+00:00,2026-10-08,LH.BK,2,False,False,3.4800000190734863,3.4800000190734863,0.046315600406073,3.400000095367432,3.400000095367432,3.723600020408631,4.002000021934509,25000,250,1999.9980926513672,87000.00047683716,OK,4,False,1.2,0.15,20
2026-10-08T06:23:12.446551+00:00,2026-10-08,M.BK,0,False,False,20.100000381469727,20.100000381469727,0.29847483421083604,20.0,19.741830580416725,21.50700040817261,23.115000438690185,4900,49,1755.0320251597093,98490.00186920166,CAPITAL_LIMITED,4,False,1.2,0.15,20
2026-10-08T06:23:12.446551+00:00,2026-10-08,MAJOR.BK,2,False,True,7.550000190734863,7.550000190734863,0.1772380363016806,7.099999904632568,7.099999904632568,8.078500204086303,8.682500219345092,4400,44,1980.0012588500977,33220.0008392334,OK,4,False,1.2,0.15,20
2026-10-08T06:17:59.944599+00:00,2026-10-08,MBK.BK,2,False,False,19.700000762939453,19.700000762939453,0.5183977616390433,19.299999237060547,19.0779234489726,21.079000816345214,22.65500087738037,3200,32,1990.6474046939247,63040.00244140625,OK,4,False,1.2,0.15,20
2026-10-08T06:23:12.446551+00:00,2026-10-08,MC.BK,3,False,False,11.399999618530273,11.399999618530273,0.14865542420587344,11.300000190734863,11.221613109483226,12.197999591827394,13.109999561309813,8700,87,1551.9626287093156,99179.99668121338,CAPITAL_LIMITED,4,False,1.2,0.15,20
2026-10-08T06:23:12.446551+00:00,2026-10-08,MEGA.BK,2,False,False,33.5,33.5,0.6568799759632631,33.0,32.71174402884409,35.845,38.525,2500,25,1970.6399278897813,83750.0,OK,4,False,1.2,0.15,20
2026-10-08T06:23:12.446551+00:00,2026-10-08,MGC.BK,2,False,False,7.199999809265137,7.199999809265137,0.3157671441766308,6.449999809265137,6.449999809265137,7.703999795913696,8.279999780654906,2600,26,1950.0,18719.999504089355,OK,4,False,1.2,0.15,20
2026-10-08T06:17:59.944599+00:00,2026-10-08,MINT.BK,1,False,False,20.700000762939453,20.700000762939453,0.4394143323582632,20.100000381469727,20.100000381469727,22.14900081634521,23.80500087738037,3300,33,1980.0012588500977,68310.0025177002,OK,4,False,1.2,0.15,20
2026-10-08T06:23:12.446551+00:00,2026-10-08,MOSHI.BK,2,False,False,34.5,34.5,0.7002102202365832,34.0,33.6597477357161,36.915,39.675,2300,23,1932.5802078529641,79350.0,OK,4,False,1.2,0.15,20
2026-10-08T06:23:12.446551+00:00,2026-10-08,MRDIYT.BK,2,False,False,8.5,8.5,0.19970545777643306,8.149999618530273,8.149999618530273,9.095,9.774999999999999,5700,57,1995.0021743774414,48450.0,OK,4,False,1.2,0.15,20
2026-10-08T06:17:59.944599+00:00,2026-10-08,MTC.BK,2,False,False,27.75,27.75,0.6904588078218796,27.25,26.921449430613745,29.692500000000003,31.9125,2400,24,1988.521366527013,66600.0,OK,4,False,1.2,0.15,20
2026-10-08T06:23:12.446551+00:00,2026-10-08,NEO.BK,2,False,False,27.25,27.25,0.8202763547611115,24.200000762939453,24.200000762939453,29.157500000000002,31.3375,600,6,1829.9995422363281,16350.0,OK,4,False,1.2,0.15,20
2026-10-08T06:23:12.446551+00:00,2026-10-08,NER.BK,3,False,False,4.659999847412109,4.659999847412109,0.07587680576515296,4.519999980926514,4.519999980926514,4.9861998367309575,5.358999824523925,14200,142,1987.998104095459,66171.99783325195,OK,4,False,1.2,0.15,20
2026-10-08T06:23:12.446551+00:00,2026-10-08,OR.BK,2,False,False,12.0,12.0,0.18654415132188673,11.899999618530273,11.776147018413736,12.84,13.799999999999999,8300,83,1857.9797471659892,99600.0,CAPITAL_LIMITED,4,False,1.2,0.15,20
2026-10-08T06:23:12.446551+00:00,2026-10-08,OSP.BK,3,False,False,16.299999237060547,16.299999237060547,0.3180946156120996,15.899999618530273,15.899999618530273,17.440999183654785,18.744999122619628,5000,50,1999.9980926513672,81499.99618530273,OK,4,False,1.2,0.15,20
2026-10-08T06:23:12.446551+00:00,2026-10-08,PLANB.BK,2,False,True,7.900000095367432,7.900000095367432,0.3202471780837042,7.050000190734863,7.050000190734863,8.453000102043152,9.085000109672546,2300,23,1954.9997806549072,18170.000219345093,OK,4,False,1.2,0.15,20
2026-10-08T06:23:12.446551+00:00,2026-10-08,PR9.BK,2,False,False,19.0,19.0,0.372172288965234,18.5,18.5,20.330000000000002,21.849999999999998,4000,40,2000.0,76000.0,OK,4,False,1.2,0.15,20
2026-10-08T06:23:12.446551+00:00,2026-10-08,PRM.BK,2,False,False,8.5,8.5,0.2317110892052025,8.449999809265137,8.221946692953757,9.095,9.774999999999999,7100,71,1974.178480028322,60350.0,OK,4,False,1.2,0.15,20
2026-10-08T06:23:12.446551+00:00,2026-10-08,PSL.BK,1,False,False,9.350000381469727,9.350000381469727,0.34699637643301634,9.199999809265137,8.933604729750106,10.004500408172609,10.752500438690184,4800,48,1998.6991282541767,44880.00183105469,OK,4,False,1.2,0.15,20
2026-10-08T06:23:12.446551+00:00,2026-10-08,PSP.BK,1,False,False,7.099999904632568,7.099999904632568,0.2617122990753843,6.699999809265137,6.699999809265137,7.596999897956849,8.164999890327453,4900,49,1960.000467300415,34789.999532699585,OK,4,False,1.2,0.15,20
2026-10-08T06:23:12.446551+00:00,2026-10-08,PTG.BK,4,True,True,8.399999618530273,8.399999618530273,0.25927200751309193,8.199999809265137,8.088873209514563,8.987999591827393,9.659999561309814,6400,64,1991.2090177005439,53759.99755859375,OK,4,False,1.2,0.15,20
2026-10-08T06:23:12.446551+00:00,2026-10-08,PTT.BK,0,False,False,40.0,40.0,0.7816057052801256,40.0,39.062073153663846,42.800000000000004,46.0,2100,21,1969.6463773059236,84000.0,OK,4,False,1.2,0.15,20
2026-10-08T06:23:12.446551+00:00,2026-10-08,PTTGC.BK,2,False,True,53.25,53.25,1.561349937508465,49.5,49.5,56.977500000000006,61.2375,500,5,1875.0,26625.0,OK,4,False,1.2,0.15,20
2026-10-08T06:17:59.944599+00:00,2026-10-08,QH.BK,0,False,False,1.340000033378601,1.340000033378601,0.020887861873015,1.3300000429153442,1.314934599130983,1.4338000357151033,1.541000038385391,74600,746,1869.8813948723007,99964.00249004364,CAPITAL_LIMITED,4,False,1.2,0.15,20
2026-10-08T06:23:12.446551+00:00,2026-10-08,RATCH.BK,1,False,False,36.75,36.75,0.7497140006322279,36.75,35.85034319924133,39.322500000000005,42.262499999999996,2200,22,1979.2449616690747,80850.0,OK,4,False,1.2,0.15,20
2026-10-08T06:23:12.446551+00:00,2026-10-08,RCL.BK,1,False,True,45.5,45.5,1.6524513426330198,45.0,43.517058388840375,48.685,52.324999999999996,1000,10,1982.9416111596245,45500.0,OK,4,False,1.2,0.15,20
2026-10-08T06:17:59.944599+00:00,2026-10-08,SAWAD.BK,0,False,False,21.399999618530277,21.399999618530277,0.431797232622272,21.399999618530277,20.881842939383542,22.897999591827396,24.609999561309813,3800,38,1968.9953807575648,81319.99855041504,OK,4,False,1.2,0.15,20
2026-10-08T06:17:59.944599+00:00,2026-10-08,SCAP.BK,1,False,False,1.590000033378601,1.590000033378601,0.0528587174232262,1.5800000429153442,1.5265695724707296,1.7013000357151034,1.828500038385391,31500,315,1998.059518597953,50085.001051425934,OK,4,False,1.2,0.15,20
2026-10-08T06:23:12.446551+00:00,2026-10-08,SCGP.BK,3,False,False,29.75,29.75,0.9817454766817821,28.5,28.5,31.832500000000003,34.2125,1600,16,2000.0,47600.0,OK,4,False,1.2,0.15,20
2026-10-08T06:17:59.944599+00:00,2026-10-08,SGC.BK,2,False,False,1.6699999570846558,1.6699999570846558,0.0565787365299381,1.5499999523162842,1.5499999523162842,1.7868999540805817,1.920499950647354,16600,166,1992.0000791549685,27721.99928760529,OK,4,False,1.2,0.15,20
2026-10-08T06:23:12.446551+00:00,2026-10-08,SINGER.BK,3,False,False,11.5,11.5,0.41355404494222037,10.800000190734863,10.800000190734863,12.305000000000001,13.225,2800,28,1959.9994659423828,32200.0,OK,4,False,1.2,0.15,20
2026-10-08T06:17:59.944599+00:00,2026-10-08,SIRI.BK,3,False,False,1.440000057220459,1.440000057220459,0.0209666155142278,1.409999966621399,1.409999966621399,1.5408000612258912,1.6560000658035277,66600,666,1998.0060338974,95904.00381088255,OK,4,False,1.2,0.15,20
2026-10-08T06:23:12.446551+00:00,2026-10-08,SIS.BK,4,True,False,24.799999237060547,24.799999237060547,0.5078994707945946,23.700000762939453,23.700000762939453,26.535999183654788,28.519999122619627,1800,18,1979.9972534179688,44639.998626708984,OK,4,False,1.2,0.15,20
2026-10-08T06:23:12.446551+00:00,2026-10-08,SJWD.BK,2,False,False,9.699999809265137,9.699999809265137,0.27306272809667054,9.25,9.25,10.378999795913696,11.154999780654906,4400,44,1979.9991607666016,42679.9991607666,OK,4,False,1.2,0.15,20
2026-10-08T06:23:12.446551+00:00,2026-10-08,SKY.BK,3,False,False,17.5,17.5,0.5095146940585098,16.899999618530273,16.88858236712979,18.725,20.125,3200,32,1956.5364251846745,56000.0,OK,4,False,1.2,0.15,20
2026-10-08T06:23:12.446551+00:00,2026-10-08,SMT.BK,2,False,False,7.050000190734863,7.050000190734863,0.3841141291502172,6.150000095367432,6.150000095367432,7.543500204086304,8.107500219345091,2200,22,1980.0002098083496,15510.0004196167,OK,4,False,1.2,0.15,20
2026-10-08T06:17:59.944599+00:00,2026-10-08,SPALI.BK,2,False,False,15.899999618530272,15.899999618530272,0.2139299195745427,15.699999809265137,15.64328371504082,17.012999591827395,18.284999561309814,6200,62,1591.638601634602,98579.9976348877,CAPITAL_LIMITED,4,False,1.2,0.15,20
2026-10-08T06:23:12.446551+00:00,2026-10-08,SPCG.BK,3,False,True,12.5,12.5,0.5517034323413746,11.5,11.5,13.375,14.374999999999998,2000,20,2000.0,25000.0,OK,4,False,1.2,0.15,20
2026-10-08T06:23:12.446551+00:00,2026-10-08,SPRC.BK,2,False,True,16.100000381469727,16.100000381469727,0.5968757841021644,14.399999618530273,14.399999618530273,17.227000408172607,18.515000438690183,1100,11,1870.0008392333984,17710.0004196167,OK,4,False,1.2,0.15,20
2026-10-08T06:23:12.446551+00:00,2026-10-08,SSP.BK,3,False,True,8.149999618530273,8.149999618530273,0.31372904797789863,7.550000190734863,7.550000190734863,8.720499591827393,9.372499561309814,3300,33,1979.9981117248535,26894.998741149902,OK,4,False,1.2,0.15,20
2026-10-08T06:23:12.446551+00:00,2026-10-08,STA.BK,2,False,True,23.200000762939453,23.200000762939453,0.7565323373986534,21.5,21.5,24.824000816345215,26.68000087738037,1100,11,1870.0008392333984,25520.0008392334,OK,4,False,1.2,0.15,20
2026-10-08T06:23:12.446551+00:00,2026-10-08,STECON.BK,0,False,False,17.899999618530273,17.899999618530273,0.631142105160362,17.799999237060547,17.142629092337838,19.152999591827395,20.584999561309814,2600,26,1969.1633681003318,46539.99900817871,OK,4,False,1.2,0.15,20
2026-10-08T06:23:12.446551+00:00,2026-10-08,STGT.BK,4,True,False,10.899999618530273,10.899999618530273,0.30671712162903164,10.199999809265137,10.199999809265137,11.662999591827393,12.534999561309814,2800,28,1959.9994659423828,30519.998931884766,OK,4,False,1.2,0.15,20
2026-10-08T06:23:12.446551+00:00,2026-10-08,STPI.BK,2,False,False,5.599999904632568,5.599999904632568,0.20574422619072918,5.146168231964111,5.146168231964111,5.991999897956848,6.439999890327453,4400,44,1996.859359741211,24639.9995803833,OK,4,False,1.2,0.15,20
2026-10-08T06:23:12.446551+00:00,2026-10-08,TASCO.BK,4,True,False,17.299999237060547,17.299999237060547,0.39159605891898175,16.899999618530273,16.83008396635777,18.510999183654786,19.894999122619627,4200,42,1973.644136951667,72659.9967956543,OK,4,False,1.2,0.15,20
2026-10-08T06:17:59.944599+00:00,2026-10-08,TCAP.BK,0,False,False,77.0,77.0,1.814358159351548,76.75,74.82277020877814,82.39,88.55,900,9,1959.506812099676,69300.0,OK,4,False,1.2,0.15,20
2026-10-08T06:23:12.446551+00:00,2026-10-08,TFG.BK,0,False,False,9.300000190734863,9.300000190734863,0.20164256309946568,9.25,9.058029115015504,9.951000204086304,10.695000219345092,8200,82,1984.1628208987452,76260.00156402588,OK,4,False,1.2,0.15,20
2026-10-08T06:23:12.446551+00:00,2026-10-08,THAI.BK,1,False,False,5.650000095367432,5.650000095367432,0.16471879674688664,5.550000190734863,5.452337539271167,6.045500102043152,6.497500109672546,10100,101,1996.3918165722703,57065.00096321106,OK,4,False,1.2,0.15,20
2026-10-08T06:17:59.944599+00:00,2026-10-08,THANI.BK,0,False,False,1.919999957084656,1.919999957084656,0.0570423389514897,1.919999957084656,1.851549150342868,2.0543999540805817,2.2079999506473538,29200,292,1998.763556860201,56063.99874687195,OK,4,False,1.2,0.15,20
2026-10-08T06:17:59.944599+00:00,2026-10-08,TIDLOR.BK,2,False,False,16.5,16.5,0.422157046233493,16.299999237060547,15.993411544519809,17.655,18.975,3900,39,1975.6949763727453,64350.0,OK,4,False,1.2,0.15,20
2026-10-08T06:17:59.944599+00:00,2026-10-08,TIPH.BK,1,False,False,23.100000381469727,23.100000381469727,0.6118210287462447,22.899999618530277,22.36581514697423,24.71700040817261,26.565000438690184,2700,27,1982.3001331378368,62370.00102996826,OK,4,False,1.2,0.15,20
2026-10-08T06:23:12.446551+00:00,2026-10-08,TKN.BK,0,False,True,4.699999809265137,4.699999809265137,0.12205484698206177,4.659999847412109,4.5535339928866625,5.0289997959136965,5.404999780654907,13600,136,1991.9351027472494,63919.99740600586,OK,4,False,1.2,0.15,20
2026-10-08T06:17:59.944599+00:00,2026-10-08,TLI.BK,3,False,False,11.300000190734863,11.300000190734863,0.2266136621310179,11.100000381469728,11.028063796177642,12.091000204086304,12.995000219345092,7300,73,1985.135680267712,82490.0013923645,OK,4,False,1.2,0.15,20
2026-10-08T06:23:12.446551+00:00,2026-10-08,TOA.BK,2,False,False,15.199999809265137,15.199999809265137,0.35012834728285575,14.600000381469727,14.600000381469727,16.263999795913698,17.479999780654907,3300,33,1979.9981117248535,50159.99937057495,OK,4,False,1.2,0.15,20
2026-10-08T06:23:12.446551+00:00,2026-10-08,TOP.BK,2,False,True,76.25,76.25,2.68454178383882,69.25,69.25,81.5875,87.6875,200,2,1400.0,15250.0,OK,4,False,1.2,0.15,20
2026-10-08T06:23:12.446551+00:00,2026-10-08,TRUE.BK,1,False,False,12.5,12.5,0.2689457569176115,12.5,12.177265091698866,13.375,14.374999999999998,6100,61,1968.6829406369197,76250.0,OK,4,False,1.2,0.15,20
2026-10-08T06:23:12.446551+00:00,2026-10-08,TTA.BK,2,False,False,5.199999809265137,5.199999809265137,0.17898365611040867,5.0,4.985219421932646,5.563999795913697,5.979999780654906,9300,93,1997.4576021921637,48359.99822616577,OK,4,False,1.2,0.15,20
2026-10-08T06:17:59.944599+00:00,2026-10-08,TTB.BK,0,False,False,2.859999895095825,2.859999895095825,0.0671648729704295,2.859999895095825,2.7794020475313097,3.060199887752533,3.288999879360199,24800,248,1998.826619599984,70927.99739837646,OK,4,False,1.2,0.15,20
2026-10-08T06:23:12.446551+00:00,2026-10-08,TTW.BK,2,False,False,10.100000381469727,10.100000381469727,0.14055868844613834,9.949999809265137,9.93132995533436,10.807000408172607,11.615000438690185,9900,99,1669.837218740121,99990.0037765503,CAPITAL_LIMITED,4,False,1.2,0.15,20
2026-10-08T06:23:12.446551+00:00,2026-10-08,TU.BK,2,False,False,12.600000381469727,12.600000381469727,0.3468413297696433,12.100000381469727,12.100000381469727,13.482000408172608,14.490000438690185,4000,40,2000.0,50400.001525878906,OK,4,False,1.2,0.15,20
2026-10-08T06:23:12.446551+00:00,2026-10-08,TVO.BK,3,False,False,28.75,28.75,0.5606195357608749,27.75,27.75,30.762500000000003,33.0625,2000,20,2000.0,57500.0,OK,4,False,1.2,0.15,20
2026-10-08T06:17:59.944599+00:00,2026-10-08,WHA.BK,1,False,False,4.980000019073486,4.980000019073486,0.1060079191757191,4.559999942779541,4.559999942779541,5.328600020408631,5.727000021934509,4700,47,1974.000358581543,23406.000089645386,OK,4,False,1.2,0.15,20
2026-10-08T06:23:12.446551+00:00,2026-10-08,WHAUP.BK,2,False,False,6.849999904632568,6.849999904632568,0.2046990548305343,6.5,6.5,7.329499897956849,7.877499890327453,5700,57,1994.9994564056396,39044.99945640564,OK,4,False,1.2,0.15,20
